,evspsbl_CO2_anom,evspsbl_G1_anom,evspsbl_G1x_anom,evspsbl_G1xa_anom,evspsbl_G1xg_anom,evspsbl_pic,hfdsn_CO2_anom,hfdsn_G1_anom,hfdsn_G1x_anom,hfdsn_G1xa_anom,hfdsn_G1xg_anom,hfdsn_pic,hfls_CO2_anom,hfls_G1_anom,hfls_G1x_anom,hfls_G1xa_anom,hfls_G1xg_anom,hfls_pic,hfss_CO2_anom,hfss_G1_anom,hfss_G1x_anom,hfss_G1xa_anom,hfss_G1xg_anom,hfss_pic,hurs_CO2_anom,hurs_G1_anom,hurs_G1x_anom,hurs_G1xa_anom,hurs_G1xg_anom,hurs_pic,lwsnl_CO2_anom,lwsnl_G1_anom,lwsnl_G1x_anom,lwsnl_G1xa_anom,lwsnl_G1xg_anom,lwsnl_pic,p-e_CO2_anom,p-e_G1_anom,p-e_G1x_anom,p-e_G1xa_anom,p-e_G1xg_anom,p-e_pic,pr_CO2_anom,pr_G1_anom,pr_G1x_anom,pr_G1xa_anom,pr_G1xg_anom,pr_pic,prsn_CO2_anom,prsn_G1_anom,prsn_G1x_anom,prsn_G1xa_anom,prsn_G1xg_anom,prsn_pic,rlds_CO2_anom,rlds_G1_anom,rlds_G1x_anom,rlds_G1xa_anom,rlds_G1xg_anom,rlds_pic,rlus_CO2_anom,rlus_G1_anom,rlus_G1x_anom,rlus_G1xa_anom,rlus_G1xg_anom,rlus_pic,rsds_CO2_anom,rsds_G1_anom,rsds_G1x_anom,rsds_G1xa_anom,rsds_G1xg_anom,rsds_pic,rsus_CO2_anom,rsus_G1_anom,rsus_G1x_anom,rsus_G1xa_anom,rsus_G1xg_anom,rsus_pic,sbl_CO2_anom,sbl_G1_anom,sbl_G1x_anom,sbl_G1xa_anom,sbl_G1xg_anom,sbl_pic,sfc_heat_CO2_anom,sfc_heat_G1_anom,sfc_heat_G1x_anom,sfc_heat_G1xa_anom,sfc_heat_G1xg_anom,sfc_heat_pic,sfc_lw_CO2_anom,sfc_lw_G1_anom,sfc_lw_G1x_anom,sfc_lw_G1xa_anom,sfc_lw_G1xg_anom,sfc_lw_pic,sfc_nonrad_CO2_anom,sfc_nonrad_G1_anom,sfc_nonrad_G1x_anom,sfc_nonrad_G1xa_anom,sfc_nonrad_G1xg_anom,sfc_nonrad_pic,sfc_rad_CO2_anom,sfc_rad_G1_anom,sfc_rad_G1x_anom,sfc_rad_G1xa_anom,sfc_rad_G1xg_anom,sfc_rad_pic,sfc_sw_CO2_anom,sfc_sw_G1_anom,sfc_sw_G1x_anom,sfc_sw_G1xa_anom,sfc_sw_G1xg_anom,sfc_sw_pic,snd_CO2_anom,snd_G1_anom,snd_G1x_anom,snd_G1xa_anom,snd_G1xg_anom,snd_pic,snm_CO2_anom,snm_G1_anom,snm_G1x_anom,snm_G1xa_anom,snm_G1xg_anom,snm_pic,snw_CO2_anom,snw_G1_anom,snw_G1x_anom,snw_G1xa_anom,snw_G1xg_anom,snw_pic,tas_CO2_anom,tas_G1_anom,tas_G1x_anom,tas_G1xa_anom,tas_G1xg_anom,tas_pic,ts_CO2_anom,ts_G1_anom,ts_G1x_anom,ts_G1xa_anom,ts_G1xg_anom,ts_pic,tsn_CO2_anom,tsn_G1_anom,tsn_G1x_anom,tsn_G1xa_anom,tsn_G1xg_anom,tsn_pic
BNU-ESM,,,,,,,,,,,,,7.1463047488964975,-1.334252223179064,-2.468293101580443,-3.5273657709545176,-3.599526474254702,82.05651468557075,-1.6751724865030155,-1.0359970943322985,-0.9505249931983073,-0.8707032089672175,-0.8652644923849131,22.150870246713623,-0.12469636619398727,,,,,80.00457425075382,-74.11944401236225,,,,,92.36257576998526,-0.05742620708786737,-0.007478784060067162,-0.0007996921477267938,0.005437864042107082,0.005862864568084991,0.1811145836888367,0.1847705980107932,-0.059139156315113794,-0.0917553668962352,-0.12221541279309012,-0.12429083065442725,3.0169877316690092,-0.06304089471680914,,,,,0.18669947960782318,33.63620738554573,4.7767932705326075,0.9176416321552097,-2.6863924948484623,-2.931956038166163,331.60692412947674,26.0026748343181,2.2853311460063424,-0.8862102230575033,-3.8480900350971297,-4.049899916994775,391.66147963997685,-4.394111501423367,-6.773672435993149,-7.09187316046615,-7.389038542316825,-7.40928612642594,189.15375691129879,-4.994138418673387,-2.225033980758891,-1.854742543592927,-1.5089300175413562,-1.485367824113549,24.051710133076924,,,,,,,2.7624270368944224,0.31307297839598847,-0.014460653788987754,-0.3203419714333051,-0.34118342230432597,0.8401063901597976,7.6335325512276455,2.4914621245262865,1.8038518552126988,1.1616975402487242,1.1179438788286475,-60.054555510500165,-5.471132165309172,2.3702493482838634,3.418818116683866,4.398068993545678,4.464790979699316,-104.20738493364615,8.233559242027155,-2.0571763084548422,-3.4332787061501477,-4.718410897957639,-4.805974334798421,105.0474913219895,0.6000269029202627,-4.54863848903085,-5.2371306532729704,-5.880108563606285,-5.923918341308848,165.10204676678177,-71.06651243104452,,,,,75.77090017677588,-0.0046943007505186735,,,,,0.09263038598031285,-45552.48545721248,,,,,48099.3567519248,5.091975151997373,0.6005979723720447,0.0,-0.5608941528786708,-0.5991110927725192,12.881521307479217,,,,,,,0.4022666523062225,,,,,-1.3415434374660484
CCSM4,0.14087663617243162,-0.1329423525243114,-0.15130398519067212,-0.18331456988677708,-0.21290374014918934,2.9286322852906648,0.0017876547034617607,0.008992181748268824,0.009475299737131598,0.010317539072908971,0.01109606790468784,-0.2257672743480949,4.070681184634566,-3.848320547687919,-4.379349464218677,-5.3051138783946925,-6.160849602499411,84.80341942769651,0.12993238456866152,0.7054213142841412,0.7440121964624993,0.8112892586341438,0.8734772025986288,17.75922061515162,-0.8978876797208102,-0.7938675136719837,-0.7868921753728699,-0.7747317830229576,-0.7634912535819751,78.98772318856919,0.01644885560055777,0.0024115896071954107,0.0014702848312305311,-0.0001707302573173558,-0.0016876121049688025,0.06813419630117445,-0.00015428127310344528,-1.0429058360419963e-05,-7.826801529566951e-07,1.603424523877978e-05,3.157906809754261e-05,-1.2264704593985265e-05,0.14072235557362944,-0.1329527817814733,-0.15130476812817495,-0.18329853600095714,-0.21287216153485922,2.9286200196464485,-0.04371164328652877,-0.010368068029045524,-0.008132129303338204,-0.004234125936476346,-0.0006309838383075916,0.2035552806774015,25.88676647107968,1.6375624233657504,0.011470020881290566,-2.8233633253266817,-5.443758027355329,329.54726773976,19.72574115140702,0.6450289215960083,-0.6344770419744918,-2.8650920836903424,-4.92697407946838,393.6399323036301,-2.718868798763083,-5.331510435667127,-5.5067078032930965,-5.812136534867676,-6.094461360464919,192.9866094512851,-3.0049931001675176,-1.241463122885282,-1.1232051094688522,-0.9170410812887866,-0.7264721619854448,25.64707656925688,,,,,,,2.246536015521346,0.04538565229943892,-0.10221811544973392,-0.35954179656526053,-0.5974004388038221,0.6842281651685251,6.1610253196727385,0.9925335017697918,0.6459470628558321,0.041728758363660745,-0.5167839478869212,-64.09266456387014,-4.2006135433856855,3.142899229074672,3.6353372614055246,4.493824609885621,5.287372386768169,-102.56264005251815,6.447149564376545,-3.097513579645735,-3.7375553802850163,-4.853366410855628,-5.884772830877964,103.2468682085604,0.2861242784633191,-4.090047356771777,-4.383502739225634,-4.895095501441006,-5.367989248616141,167.33953289267166,-0.010097073134358245,-0.001444204822668979,-0.0008639646055611933,0.00014759188025408043,0.0010826300050802706,0.08646607241675322,-0.0118358883463128,-0.00191904588589982,-0.0012540466492327873,-9.47263003852894e-05,0.0009768982112064034,0.08231368901157907,-4.378329186127715,-1.2567291310806539,-1.0474022549028064,-0.6824741561429519,-0.34515074420734493,39.6600966212162,3.8295565280593724,0.240662470752655,0.0,-0.41955672151721046,-0.8073764188319821,13.289460826724094,,,,,,,,,,,,
CESM-CAM5.1-FV,0.16858665090037928,-0.17309183115351212,-0.16103575941475157,-0.19394207764427307,-0.21670209321003853,3.0278775015768806,,,,,,,4.872564084576027,-5.0069698484112735,-4.658372040537529,-5.609848661494183,-6.267947891933389,87.66422880718324,,0.8100388571091095,,,,18.120483630135556,,,,,,,,,,,,,-0.00014915589298959697,-6.676871769269177e-05,-6.967573627273993e-05,-6.174120497871565e-05,-5.6253199468666375e-05,-5.7998933211761416e-05,0.16839165758451724,-0.17320443469031588,-0.16115127006200902,-0.19404965350947334,-0.21680418089628617,3.027865339900284,,,,,,,,-0.47060229784381136,,,,339.30260393660774,,-1.5260766392040068,,,,394.82744571598926,,-6.504179226882002,,,,187.257028779062,,-1.1251185161197022,,,,25.083315147305306,,,,,,,,-0.12665530771120448,,,,0.8641593980576268,,1.0554743413601955,,,,-55.524841779381504,,4.1969310076989075,,,,-105.78471247237485,,-4.32358637424494,,,,106.6488718483721,,-5.379060738867139,,,,162.17371366286253,,,,,,,,,,,,,,,,,,,4.494541471806603,-0.16438965531842875,0.0,-0.4486916160392518,-0.7590340886930349,13.424292008840368,,,,,,,,,,,,
CSIRO-Mk3L-1-2,0.13196244711120864,-0.07978359757996412,-0.08369516046490277,-0.1282255026169472,-0.12088840750186503,2.726837818193548,,,,,,,3.8183581015350683,-2.308553251874258,-2.4217350545580274,-3.7102288221770863,-3.497928604587628,78.90156061413762,-1.5660953915651206,-1.115150043012747,-1.106819776012454,-1.0119856519928199,-1.0276111099269123,23.484552777994978,,,,,,,,,,,,,-0.003519522874536496,0.00048328043400046317,0.0005572238074420689,0.0013990161590132855,0.0012603172348159735,-0.0032509079431980448,0.12844293174675814,-0.07930030945649458,-0.08313792896467787,-0.12682647872742647,-0.11962808254275714,2.7235869020231624,-0.020702215225894445,-0.00331392453333558,-0.0029927124294460705,0.0006640573350525647,6.154528867136078e-05,0.08136738694215762,22.005214525609347,0.6781801247806243,0.28420801385050254,-4.200882323220242,-3.4618910464304804,339.6232776901834,17.792517409118375,-0.17280188468004098,-0.5046733785168271,-4.28279266376893,-3.660286318379235,397.88480460653096,-2.039324849958092,-5.194959904191904,-5.253253625685289,-5.9168858974331044,-5.807541731995826,189.43437519254175,-2.522337065742718,-1.0611531126870943,-1.0341608119469505,-0.7268727987444237,-0.7775034759777917,28.571212040361623,,,,,,,2.443447263868885,0.14087898111348574,0.09834387426887559,-0.3858878553442435,-0.306102834924203,0.2155220722348019,4.212697116490993,0.8509820094607434,0.7888813923674007,0.08191034054876667,0.1983952719488471,-58.26152691634761,-2.2522626690033007,3.423703485773572,3.528555024226506,4.722214699354197,4.525539934504039,-102.38611342624577,4.69570992607899,-3.2828243406794115,-3.43021098282226,-5.108102351649208,-4.831642572296403,102.6016355152957,0.4830121861509724,-4.133806783842772,-4.2190928053873336,-5.190013082494374,-5.030038241116017,160.8631631922196,-0.01701185411252104,-0.0008425438556972364,-0.0005438498519065582,0.0028565674694609744,0.0022962936401546424,0.11664965527654056,,,,,,,-1.7011854478736854,-0.08425441146724388,-0.05438501089007097,0.28565672350195825,0.22962934019973247,11.664965723526153,3.417500958215939,0.06198608088834234,0.0,-0.7056671391505915,-0.5893970484816791,14.054314237762839,3.3730078327394573,0.031949056723199476,-0.02976997809383164,-0.7323969889694553,-0.6166278086739538,15.024875847416148,,,,,,
CanESM2,0.15707971449617997,-0.12607928921549272,-0.13105551656158676,-0.16158881162423233,-0.15983685100483758,2.7407357602229396,,,,,,,4.5949097354160955,-3.640988988171358,-3.785726411000084,-4.673810923719373,-4.622853793485433,79.46526691991403,-2.3692376520888523,-0.36605296753332794,-0.3308490634515344,-0.11484382174364072,-0.1272379205881542,24.547468728277835,-0.34007515482338135,-0.4597241420931084,-0.4618268495987081,-0.4747287096291757,-0.47398841773981815,81.68552483799539,,,,,,,-6.871999963059539e-05,2.4852119845208964e-05,2.6496553303668302e-05,3.658652076414526e-05,3.600757160043843e-05,-0.0002442342295130573,0.15701099264275742,-0.1260544411144262,-0.1310290240651093,-0.16155222939374658,-0.15980084771012049,2.7404915271991332,-0.05094659628856407,-0.00885445327348508,-0.008114727287796053,-0.00357589290269153,-0.003836325295734716,0.17651171131248708,31.929060471631942,0.8381921466888684,0.29180221331444045,-3.0607546324003465,-2.86838929626731,331.4034987009471,25.480191777867333,-0.03440668426725324,-0.4827994280175858,-3.2340619802849915,-3.076198125915539,391.39315554803466,-4.906470956707409,-6.103832873248194,-6.124875273575071,-6.253987907167129,-6.24657959276621,191.89481700481767,-3.0943661075919096,-1.0915108096661577,-1.0563126942145438,-0.8403429705690257,-0.852735031433479,27.571018816346033,,,,,,,2.4110913456694485,-0.13268141116044152,-0.1773855928705721,-0.45168294219905625,-0.43594411830068647,0.32140568684310433,6.448868693764538,0.872598830956079,0.7746016413319623,0.17330734788460234,0.207808829648215,-59.989656847087474,-2.225672052840565,4.007041888804125,4.116575405839583,4.788654666349615,4.75009163556274,-104.01273560637347,4.63676337565235,-4.139723357500202,-4.29396105685521,-5.240337670433107,-5.1860358155332875,104.33414136758253,-1.812104766899921,-5.012321985825253,-5.068562501682095,-5.413644859400478,-5.393844484107518,164.32379815299097,-0.0049785298373851115,-0.0007330946992626132,-0.0006584855568603949,-0.0002006963923187298,-0.0002269637370850633,0.023959365448004956,-0.011850021483354983,-0.0022543186312867433,-0.002085684053853079,-0.0010509706148483094,-0.0011103411214960779,0.04841277072625877,-1.5366315690619983,-0.2222376825106256,-0.19913856605640845,-0.057406267805085065,-0.06553868209326463,6.997742691201891,4.7636721708866006,0.08227079915763902,0.0,-0.5047998033473142,-0.47583504948343247,13.673665860334317,,,,,,,-7.568383446585699,-1.1992290600488218,-1.0872977429643242,-0.40050598414850924,-0.4399131988857903,-238.2619770898059
GISS-E2-R,0.046270332049273666,-0.20903055040668805,-0.18147441637484985,-0.2306606028432645,-0.21491944689155362,3.1702452571884394,,,,,,,1.3388408184627423,-6.048337779881436,-5.250995907754486,-6.674207376975772,-6.218734096816874,91.7316353051251,0.1409074131910124,-0.7089991320137514,-0.6172636924457393,-0.7810064159765844,-0.7286034969433715,-20.218874161359146,-0.5226070368121043,-1.0871373677662177,-1.026204270648961,-1.1349665038941765,-1.100159103725673,73.71328289579932,-2.3523955605031723,0.6009901565820694,0.28221377052019925,0.8512121194341145,0.6691144129515934,9.50240753531526,-4.302265362375601e-05,6.946420835540756e-06,1.5529631239920733e-06,1.1179989048718504e-05,8.099032233137862e-06,-0.0001174446583092209,0.04622730888917337,-0.20902360031241196,-0.18147286018944842,-0.23064941882663703,-0.21491134408946388,3.1701278111736557,-0.020461564961018586,-0.007124545475671873,-0.008564088860669172,-0.005994582946594218,-0.0068169071846863605,0.19670264876534033,20.475354203362258,-1.391193364118294,0.968992428373042,-3.2438096415927475,-1.895577970499346,338.1606009579205,14.587542006489116,-2.1812345408642386,-0.3712813215739743,-3.6019484550789684,-2.568031438372941,397.40390782357116,-3.7441382572820885,-7.136581366081771,-6.770414919251749,-7.42400192501421,-7.214833137506673,195.52265741398156,-1.4639980837655102,-0.8454909906215775,-0.9122501188876413,-0.7930887398796287,-0.8312241999562211,23.58044992312751,,,,,,,2.127923767373929,1.2562872992368028,1.35036817789247,1.1824389743502195,1.2361817011522405,41.186139403661954,5.8878121968731065,0.7900411767459232,1.340273749946988,0.3581388134862422,0.6724534678736092,-59.24330686565059,-1.479748244494985,6.7573368925198025,5.868259581530111,7.455213773023374,6.94733757423414,-71.51276112400932,3.6076719826202606,-5.501049537399297,-4.517891356942769,-6.272774735576718,-5.711155815234491,112.69890049759721,-2.2801401605374565,-6.29109034372226,-5.858164770650916,-6.630913151807334,-6.383608905379816,171.94220748124667,-0.0065914348039115,0.0010423059816390134,0.00021835119453706558,0.001689065255991204,0.0012183896239905331,0.03192889206575045,-0.006584564105130697,-0.0035548889569536474,-0.0038818997124707016,-0.0032982034661302173,-0.0034850049708163855,0.06787805244220858,,,,,,,2.7567452761413236,-0.333554309579597,0.0,-0.5953761311136638,-0.4048366889919457,14.276195600585332,2.7628417675724677,-0.31039451646296357,0.02131805005745946,-0.5707706708037108,-0.3812833053152076,-259.6779699441763,,,,,,
HadCM3,0.0943803374021348,-0.13071960218496947,-0.13693551304244256,-0.15756166383170145,-0.1387120261220831,2.847124532958187,,,,,,,,,,,,,,,,,,,,,,,,,,,,,,,0.0016044178434416606,-2.7259857483794003e-05,-7.231701367709821e-05,-0.00022182940519747084,-8.519439064471994e-05,0.004966525598277108,0.09600243852001089,-0.13074806410587136,-0.13700955361935163,-0.15778694728405274,-0.13879909312109007,2.852211714300707,,,,,,,,,,,,,,,,,,,,,,,,,,,,,,,,,,,,,,,,,,,,,,,,,,,,,,,,,,,,,,,,,,,,,,,,,,,,,,,,,,,,,4.431497357639952,0.11908303078788762,0.0,-0.39515118633335433,-0.03403404048235181,12.750927674238095,,,,,,,,,,,,
HadGEM2-ES,0.14176304994062328,-0.12480520198238931,-0.13711324591495533,-0.16829073718809484,-0.16766313346971806,3.085217816549337,,,,,,,4.071813425887342,-3.6146345009394736,-3.969534749135903,-4.868532140728121,-4.8504352996182405,89.39023459370414,-0.3839731048806101,0.22434770713334373,0.25243522027622234,0.3235836660157858,0.3221514459339403,18.517224097897255,-0.9107107717399288,-0.8030589633636396,-0.7980884420155121,-0.7854976203704922,-0.7857510739409719,76.02028080079339,,,,,,,-0.0013293069173972855,-0.00012752843299207103,-7.20396706335889e-05,6.851884651725218e-05,6.568939987446152e-05,0.0020682698901588886,0.14043374046105184,-0.12493273216856604,-0.137185287301421,-0.1682222199627912,-0.16759744569296187,3.0872860875318024,-0.07578238357232187,-0.01070752309932782,-0.0077028733114058445,-9.179854964649903e-05,-0.0002450096845474925,0.2269185339931311,32.666484093504266,0.9045421851265587,-0.5619767028947535,-4.276813933220353,-4.2020341621832245,333.5187325790444,26.131383313432536,0.07600491551914956,-1.1270293531445077,-4.174434011272751,-4.113089675447782,395.86583565029304,-3.634914825876507,-5.490717672538295,-5.576404181723547,-5.793456575018951,-5.78908730463985,196.23229079182855,-2.9571736499981007,-1.402045200910635,-1.3302414916013952,-1.1483556019642513,-1.1520169697008846,24.729158705853816,,,,,,,2.169519127447744,0.13015147663980353,0.03598937571546901,-0.2025325288140729,-0.1977310766098015,1.248570408353437,6.535100780071687,0.8285372696073452,0.565052650249676,-0.10237992194763734,-0.0889444867355138,-62.34710307124853,-3.687840323966128,3.3902867775133956,3.717099511951318,4.544948456244512,4.528283835247876,-107.90745869617676,5.857359463763018,-3.2601353190875244,-3.6811101558609494,-4.747481008258305,-4.726014934985443,109.15602908309467,-0.6777411603009114,-4.0886724520309485,-4.2461626703398565,-4.6451009528023235,-4.637070314696047,171.50313205902538,,,,,,,,,,,,,-49.51380137175602,1.7841269111213478,4.152665363845699,10.15240726796219,10.031632305815947,6617.168095558251,5.026753199832838,0.22185284350502776,0.0,-0.5619751708878677,-0.5506625959345222,13.626986655141659,,,,,,,,,,,,
IPSL-CM5A-LR,0.20727026750118283,-0.163165525544263,-0.17123195750334474,-0.2038299159046182,-0.1865850320258815,2.6557650782896682,,,,,,,,,,,,,-0.8147486069756056,-0.035948205955389056,-0.018989422375412346,0.04954419006694266,0.013288723580043182,24.1150516679728,,,,,,,,,,,,,-0.0003231867635681441,-4.5949418660783115e-06,2.3425606666865927e-06,3.0378304365880873e-05,1.5546910982430838e-05,0.00042806896470834986,0.20694707694968795,-0.16317012520971907,-0.1712296196866423,-0.20379954242655396,-0.18656948989764288,2.656193149657455,-0.045810180008459295,-0.005114746180509416,-0.004228581953992061,-0.0006474267741994055,-0.00254191981167895,0.20192088799649058,29.55885557268772,1.7520985733387988,1.1465919847504438,-1.300373251753797,-0.005886313664689169,320.1395958606246,23.645421977300487,0.15174459939038343,-0.3598424383510519,-2.4272612251854753,-1.3335609244241482,387.2208303160066,0.23790113049378192,-7.538748747072077,-7.708089340731419,-8.392426313479234,-8.030400217130165,194.80811960178042,-1.6130720208220595,-1.2248188672620586,-1.2163644530156823,-1.1821985857141968,-1.2002729205230729,26.133533774279766,,,,,,,,,,,,,,,,,,,,,,,,,,,,,,,,,,,,,,,,,,,,,,,,,,,,,,,4.477627309969305,0.09542473900532755,0.0,-0.38562919619571545,-0.18162468073545135,12.012838237589177,,,,,,,,,,,,
MIROC-ESM,0.22850951112379736,-0.10015954530281324,-0.06946910211487722,-0.07649884934177553,-0.09205141791608895,2.819086973553822,-0.10260624934910412,-0.008224605741160046,-0.017037770273977654,-0.015019085872602561,-0.010552961192877158,0.22458268119428557,6.611964841253297,-2.8981350374321835,-2.010101392854608,-2.213508427811206,-2.6635248732895462,81.57080369555786,-1.3990289826343592,-0.7521235837584221,-0.8125302846752263,-0.7986939306136165,-0.768082467865959,20.707808724796045,-0.22992753107756414,-0.22516481969219626,-0.22560955192462018,-0.22550768454009074,-0.22528231377891927,84.34220624285771,,,,,,,-0.0008832451952607012,0.00013927025765894663,4.378985935858367e-05,6.5659959476232e-05,0.00011404523149644366,-0.002104006657406704,0.2276262594906262,-0.10002027628336219,-0.06942531397926421,-0.07643319099483126,-0.09193737405107516,2.816982968724427,-0.04893048400639477,0.005527805065269231,0.0004426015933101657,0.0016073842191691445,0.004184341978549666,0.16426948502928845,34.908256029520544,-2.2231142976650062,1.2441369973201404,0.4499516534778536,-1.3070990088218082,334.3291300858531,26.916754514657725,-3.020366022593464,-0.22489903507658937,-0.8652099678006948,-2.281829850229599,392.2596539947427,-3.59796074004322,-4.4315464213372024,-4.353707898075612,-4.3715370685340815,-4.4109822131784995,187.34378815714462,-4.162413790149273,-0.17385790911790977,-0.546301086457408,-0.46099174839907775,-0.2722539051513593,25.69473327270996,,,,,,,3.343017979840811,0.18982188100712416,0.48426087317700506,0.41681865098352877,0.2676099025587486,1.4399187320357123,7.991501514862804,0.7972517249283442,1.4690360323966303,1.3151616212784631,0.9747308414077125,-57.9305239088896,-5.212935896198587,3.650258613653463,2.8226316671873946,3.0122023487249407,3.4316073328772347,-102.27861238286914,8.555953813876599,-3.4604368046798726,-2.338370865122201,-2.5953837690643553,-3.1639975021085007,103.7185312058824,0.56445301741158,-4.25768850562784,-3.807406808695191,-3.9105453163717243,-4.138728302404843,161.64905486287813,-0.016310106891778114,0.0017931817032676156,0.00010273370009478144,0.0004899363901879616,0.001346581187712123,0.10412625821260868,-0.017931117405295217,-0.0007674383757418496,-0.0023701475625438617,-0.0020030417376962414,-0.0011908591185081849,0.06027238427191171,-4.893031965667081,0.5379545623456821,0.030820166109506886,0.14698097205732097,0.4039744089248707,31.237877560132176,4.919266976016086,-0.5066621460271872,0.0,-0.11605263547999911,-0.3728067566845432,13.80108745708829,,,,,,,0.5803664031616387,-0.016080269031747196,0.039614699355616345,0.0268575831688036,-0.0013661804889715246,-1.6278865505340963
MPI-ESM-LR,0.20987261597269136,-5.726318360962492,-5.6788653337357715,-7.078041442288949,-6.372717879716666,2.9181182637674734,,,,,,,6.053236147624929,-3.1807151593402665,-3.1069003268185185,-5.283367375545367,-4.186212068757996,84.51114421038046,-1.6206028977826925,-0.27435601266983767,-0.28511770991666907,0.03219628573859623,-0.12776144688810476,20.652521651567344,,,,,,,,,,,,,0.0006088314506879182,-0.002100176971786407,-0.0020785215616204323,-0.0027170421006871112,-0.002395164405208317,0.005391141451671917,0.2104814513992781,-0.10943880717918653,-0.10688141224366499,-0.18228747383844324,-0.1442753382120201,2.9235094025826913,-0.05214114816654117,,,,,0.1982469230600584,31.82159895469067,0.5397034659134192,0.7897662829790875,-6.583460246998868,-2.866622622352679,335.9902921716088,24.55887338524076,-0.6670201646842315,-0.4653681258441793,-6.411178782728314,-3.4139003634803657,393.32134625069244,-2.218258807154143,-5.733251544719963,-5.705153215888316,-6.533646416199588,-6.116003653406324,187.79457357339814,-2.2368765695024493,-1.1356199035971457,-1.1444231854918598,-0.8848540405120993,-1.0157026398783948,24.56848435731621,,,,,,,2.8487104413232047,0.06416368278287954,0.08642293516550925,-0.5699021919803049,-0.23904921782333632,0.7313686062399287,7.262725569449891,1.2067236305975868,1.2551344088232241,-0.17228146427064672,0.5472777411276439,-57.33105407908357,-4.4326332661340615,3.455071202185252,3.3920180665388813,5.251171130562852,4.3139735508811015,-105.16366586789924,7.281343833033304,-3.390907260995192,-3.305594874028017,-5.821073033889149,-4.553022495833105,105.89503431237202,0.01861750851824695,-4.597631610830746,-4.560730002375607,-5.648792280698302,-5.100300952297431,163.22608931679915,,,,,,,0.0011283041822425163,-0.00029349824154024234,-0.0002821325645617004,-0.0006172552029959019,-0.0004483201477200882,0.05539444635043543,-1.33493882165538,-0.062262154021564875,-0.07243574189882329,0.22753755649826957,0.07632125555615321,2.8910231245051756,4.717799884808789,-0.03801729475755167,0.0,-1.1209588438361724,-0.5558843829457576,13.471724533402496,,,,,,,,,,,,
NorESM1-M,0.10367003083813398,-0.14408090790091999,-0.14271419376508554,-0.19793231563128444,-0.16898728996224666,2.8079137959620457,,,,,,,2.9954948059553317,-4.169489687545777,-4.1299641638882605,-5.726878342882657,-4.8897850057668535,81.30557648387726,0.14862157837870882,0.7616399645059175,0.7582582582725905,0.8948862933616724,0.8232666538464706,18.236482733644557,-0.8163117203617531,-0.7898073118167162,-0.7899535229673376,-0.784046285366216,-0.7871428257449651,78.98234421472553,0.06852985703501113,,,,,0.06792050146506695,-0.00011281312267774624,-4.8161358417314615e-05,-4.851800885251003e-05,-3.410858212756296e-05,-4.166192172575427e-05,-2.257325779053687e-05,0.10355721514992222,-0.14412907340456282,-0.14276271591044942,-0.19796642870200065,-0.1690289561880043,2.807891223917945,-0.027134313380130948,-0.003747702811964182,-0.003876714679347776,0.0013356357519476725,-0.0013966487215346102,0.1683071754349219,22.115412303743028,0.08503643996630217,0.2065666600494751,-4.7035095051328994,-2.1296754840751646,331.54356551451076,16.82807473946025,-0.65478557893465,-0.5583416564471122,-4.454878705082251,-2.4123361288172305,392.5986046102205,-1.5233526668651507,-4.7820532752115525,-4.764076704835901,-5.490367907738857,-5.109650186803634,184.71961060419096,-1.8303295575004626,-0.807523169878344,-0.813165465141882,-0.5852048848724785,-0.7047005255140668,23.412404242695132,,,,,,,2.4501980180925544,0.17314164118114306,0.1857029866769686,-0.3218017564187985,-0.05577065431683437,0.710108076030485,5.287337564282737,0.7398220189008669,0.7649083164964736,-0.24863080005075489,0.2826606447419664,-61.055039095709716,-3.14411638328815,3.407849719035994,3.3717059016396718,4.831992044419508,4.0665183474088735,-99.54205921085523,5.594314382148966,-3.2347080538880846,-3.1860028912342386,-5.153793767481858,-4.122288973416204,100.25216729944043,0.30697676717943523,-3.97453017414972,-3.950911308811925,-4.905163079806414,-4.404949724613175,161.30720643574477,-0.012192343194524072,,,,,0.09222856870419649,,,,,,,-5.194398388327691,,,,,44.774823293354046,3.293586579869711,-0.018269803367285675,0.0,-0.7381384316995145,-0.3512104607587929,13.149648529565333,,,,,,,,,,,,
_mean,0.14820378122800335,-0.6463797058870742,-0.6404449258257491,-0.7981714989819927,-0.731997028906379,2.8843231894139096,-0.05040929732282118,0.0003837880035543889,-0.0037812352684230277,-0.002350773399846795,0.0002715533559053407,-0.000592296576904669,4.55741678942419,-3.605039702446301,-3.6180972612346536,-4.759286172068298,-4.695779771101007,84.14003847431471,-0.9409397746291873,-0.1624708360221147,-0.23673892670640306,-0.14657333354767382,-0.1612376908638332,17.0975282466175,-0.5488880372470756,-0.6931266864006437,-0.6814291354213348,-0.6965797644705182,-0.6893024980853871,79.10513377592778,-19.09671521505746,0.30170087309463245,0.14184202767571488,0.42552069458839853,0.33371340042331227,25.50025950076669,-0.0051496843738771305,-0.0007674461805271482,-0.00020917842292009334,0.000335876397795043,0.00040132292501149683,0.015679929934135802,0.15088450220151717,-0.1293428168351253,-0.13036209342053737,-0.1670906277050003,-0.16220959538255905,2.89597948986056,-0.044866142361266306,-0.0054628947922587805,-0.005396153279085627,-0.001367093725429827,-0.0014027384086585867,0.18044995128191002,28.500321001137518,0.6479271518259835,0.5299199530778879,-3.2429407701016544,-2.7112889969816196,333.1968626696852,22.16691751092917,-0.46350744842872743,-0.5614922002003823,-3.616494790998985,-3.1836106821529997,393.461545132699,-2.8539500273579277,-5.911004900267567,-5.885455612352615,-6.337748508776966,-6.222882552431804,190.6497843164845,-2.7879698363913388,-1.1212395985004362,-1.1031166959819143,-0.9047880469485324,-0.9018249654234264,25.36755427112083,,,,,,,2.5336523328924825,0.20535668737850205,0.21633598453188932,-0.11249260193569927,-0.07437668437466896,4.8241526938785375,6.3800668118551265,1.0625426628853163,1.0452985677423206,0.28985024839349116,0.3772824712171341,-59.583027263776884,-3.5674393938467373,3.780162816454305,3.7634445041114284,4.833143413567811,4.701723953020387,-100.5358143772968,6.101091731508577,-3.57480609365751,-3.5471084743667567,-4.945635960573997,-4.776100586120425,105.35996706601868,-0.2789750474549414,-4.637348844069931,-4.592407140049058,-5.23548630982536,-5.153383168282204,164.94299448232206,-10.161956253288428,-3.687113854443994e-05,-0.00034904302393925986,0.0009964929207150982,0.0011433861439705012,10.889465569842821,-0.008627931318061643,-0.0017578380182844606,-0.001974782108532426,-0.001412839464411192,-0.0010515254294668666,0.06781695479711773,-5702.629721745369,0.1160996823978236,0.46835399270118283,1.6787836826786169,1.721811314032682,6856.718922062123,4.268376905436991,0.03008206061823948,0.0,-0.5460742523732772,-0.4734844420663344,13.367721910729268,3.0679248001559625,-0.13922272986988204,-0.00422596401818609,-0.651583829886583,-0.4989555569945807,-122.32654704838008,-2.1952501303726124,-0.6076546645402845,-0.523841521804354,-0.18682420048985282,-0.2206396896873809,-80.41046902593534
_median,0.14498341558431332,-0.1385116302126157,-0.14700908947787883,-0.18862832376552507,-0.17778616099406408,2.8657238611860483,-0.05040929732282118,0.0003837880035543889,-0.0037812352684230277,-0.002350773399846795,0.0002715533559053407,-0.000592296576904669,4.55741678942419,-3.6146345009394736,-3.785726411000084,-4.868532140728121,-4.695779771101007,84.14003847431471,-0.9409397746291873,-0.2184134243459762,-0.28511770991666907,-0.11484382174364072,-0.12776144688810476,19.584872874732298,-0.5357475370295899,-0.7898073118167162,-0.7868921753728699,-0.7747317830229576,-0.7634912535819751,79.04642848224849,-2.3523955605031723,0.30170087309463245,0.14184202767571488,0.42552069458839853,0.33371340042331227,9.50240753531526,-0.00015428127310344528,-2.7259857483794003e-05,-4.851800885251003e-05,3.0378304365880873e-05,3.157906809754261e-05,-1.2264704593985265e-05,0.15088450220151717,-0.1293428168351253,-0.13700955361935163,-0.1682222199627912,-0.16220959538255905,2.89597948986056,-0.045810180008459295,-0.0054628947922587805,-0.005396153279085627,-0.0006474267741994055,-0.0013966487215346102,0.18669947960782318,29.55885557268772,0.6630536383033039,0.5299199530778879,-3.2429407701016544,-2.866622622352679,333.3577976243648,23.645421977300487,-0.3181546665543842,-0.5046733785168271,-3.616494790998985,-3.1836106821529997,393.3914456916957,-2.8539500273579277,-5.822128222493765,-5.705153215888316,-6.253987907167129,-6.116003653406324,190.0420797545131,-2.7879698363913388,-1.123179057310069,-1.1031166959819143,-0.8848540405120993,-0.852735031433479,25.22543470921307,,,,,,,2.4468226409807197,0.14087898111348574,0.09238340471719242,-0.3210718639260518,-0.2183901472165689,0.8401063901597976,6.414467752809832,0.872598830956079,0.9170899800548606,0.1276088442166845,0.32997155797955025,-59.583027263776884,-3.6276398589064325,3.455071202185252,3.5819461428160153,4.755434682851906,4.5269118848759575,-102.56264005251815,5.979225597635797,-3.390907260995192,-3.4901935902584524,-5.026869156111602,-4.791037460459423,105.0474913219895,0.15237089349078303,-4.54863848903085,-4.47211637080062,-5.212749696159867,-5.1268420602898175,164.32379815299097,-0.014251225043151093,-0.0003849829189035266,-0.00044644643792290906,0.0007432146554515299,0.001180887883980517,0.09817741345840258,-0.008627931318061643,-0.0018384419520921403,-0.0020302330811927524,-0.0012319050396297506,-0.0010809332754814723,0.06781695479711773,-4.893031965667081,-0.062262154021564875,-0.05438501089007097,0.22753755649826957,0.22962934019973247,39.6600966212162,4.477627309969305,0.06198608088834234,0.0,-0.5460742523732772,-0.47583504948343247,13.424292008840368,3.0679248001559625,-0.13922272986988204,-0.00422596401818609,-0.651583829886583,-0.4989555569945807,-122.32654704838008,-0.896491739033195,-0.6076546645402845,-0.523841521804354,-0.18682420048985282,-0.2206396896873809,-41.01917778823472
